TransactionDate,CustomerAgeBucket,State,CustomerGender,CustomerIncomeGroup,MarketChannel,ProductCategory,ProductSubCategory,ProductBrand,ProductName,UnitCost,ProductCost,NumberOfUnits,DiscountRate,TotalCost,ShippingCost,Profit,PaymentMethod,DeliveryTime
2023-12-14,36-45,MI,Male,Middle,Affiliates,Electronics,Laptops,HP,Pavilion,756.0,600.0,3.0,12.0,2269.0,32.0,437.0,Credit Card,5.0
2023-12-14,18-25,NY,Other,Middle,PPC,Home,Furniture,IKEA,Kallax Shelf,68.0,60.0,3.0,8.0,203.0,38.0,-15.0,Digital Wallet,8.0
2023-12-14,56-65,CA,Female,Middle,Organic,Electronics,Smartphones,Apple,iPhone SE,476.0,400.0,3.0,20.0,1427.0,19.0,208.0,BNPL,4.0
2023-12-14,46-55,IL,Female,High,App,Clothing,Jeans,Wrangler,Regular Fit,47.0,35.0,1.0,31.0,47.0,11.0,0.0,Credit Card,4.0
2023-12-14,26-35,GA,Other,Middle,Email,Clothing,T-Shirts,Adidas,Performance,55.0,45.0,1.0,20.0,55.0,8.0,2.0,Debit Card,5.0
2023-12-14,18-25,NY,Female,Middle,App,Electronics,Smartphones,Apple,iPhone SE,483.0,400.0,1.0,20.0,483.0,17.0,66.0,BNPL,3.0
2023-12-14,26-35,CA,Other,Middle,App,Electronics,Smartphones,Apple,iPhone 14,842.0,700.0,1.0,19.0,842.0,12.0,129.0,Digital Wallet,5.0
2023-12-14,36-45,IL,Male,Low,Affiliates,Electronics,Smartphones,Apple,iPhone 15,946.0,800.0,4.0,14.0,3785.0,30.0,555.0,BNPL,7.0
2023-12-14,36-45,FL,Male,Middle,Others,Home,Beds,Tempur-Pedic,Cloud Supreme,2043.0,1800.0,20.0,8.0,40855.0,243.0,4611.0,BNPL,13.0
2023-12-14,66+,IL,Female,Middle,Email,Home,Furniture,Ashley Furniture,Sofa,451.0,300.0,3.0,6.0,1354.0,37.0,417.0,BNPL,6.0
2023-12-14,18-25,IL,Male,Middle,Affiliates,Clothing,Jeans,Wrangler,Authentics,35.0,30.0,3.0,30.0,106.0,13.0,2.0,Credit Card,4.0
2023-12-14,18-25,TX,Male,Middle,Others,Home,Furniture,Ashley Furniture,Sofa,454.0,300.0,3.0,5.0,1363.0,35.0,428.0,Credit Card,4.0
2023-12-14,26-35,CA,Other,High,Organic,Beauty,Skincare,Neutrogena,Oil-Free Acne Wash,11.0,15.0,3.0,31.0,32.0,7.0,-20.0,Digital Wallet,3.0
2023-12-14,26-35,NY,Female,Low,Affiliates,Home,Furniture,IKEA,Billy Bookcase,141.0,100.0,3.0,10.0,423.0,38.0,84.0,Debit Card,6.0
2023-12-14,18-25,NC,Female,High,App,Electronics,Laptops,HP,Envy,844.0,700.0,8.0,16.0,6748.0,78.0,1070.0,Digital Wallet,9.0
2023-12-14,36-45,IL,Female,Middle,Others,Electronics,Smartphones,Apple,iPhone 14,898.0,700.0,4.0,15.0,3593.0,30.0,762.0,Digital Wallet,6.0
2023-12-14,36-45,CA,Female,Middle,PPC,Beauty,Makeup,Revlon,ColorStay Lipstick,13.0,15.0,7.0,24.0,89.0,9.0,-26.0,Credit Card,6.0
2023-12-14,36-45,CA,Male,Middle,Others,Home,Beds,Serta,iComfort,2322.0,1900.0,3.0,7.0,6965.0,39.0,1226.0,BNPL,9.0
2023-12-14,36-45,TX,Other,High,Affiliates,Beauty,Makeup,Maybelline,Fit Me Foundation,17.0,15.0,3.0,26.0,50.0,9.0,-4.0,Digital Wallet,3.0
2023-12-14,18-25,GA,Male,High,Organic,Clothing,T-Shirts,Nike,Dry-FIT,26.0,20.0,4.0,29.0,106.0,11.0,14.0,Credit Card,5.0
2023-12-14,56-65,MI,Female,Middle,Organic,Home,Furniture,IKEA,Kallax Shelf,69.0,60.0,3.0,9.0,206.0,38.0,-12.0,Digital Wallet,6.0
2023-12-14,46-55,NY,Male,Middle,Organic,Home,Beds,Tempur-Pedic,Cloud Supreme,2009.0,1800.0,1.0,11.0,2009.0,27.0,182.0,Debit Card,6.0
2023-12-14,46-55,TX,Other,High,Others,Electronics,Smartphones,Apple,iPhone 15,939.0,800.0,1.0,14.0,939.0,14.0,125.0,Credit Card,4.0
2023-12-14,26-35,CA,Male,Low,PPC,Electronics,Smartphones,Samsung,Galaxy A32,260.0,250.0,10.0,17.0,2601.0,54.0,47.0,Credit Card,7.0
2023-12-14,46-55,IL,Female,Middle,App,Home,Beds,Tempur-Pedic,Contour Elite,1885.0,1700.0,3.0,10.0,5654.0,43.0,511.0,Credit Card,5.0
2023-12-14,26-35,NY,Other,High,App,Beauty,Skincare,Neutrogena,Hydro Boost Gel,19.0,20.0,6.0,33.0,112.0,14.0,-22.0,Digital Wallet,6.0
2023-12-14,36-45,MI,Other,Middle,Email,Electronics,Smartphones,Apple,iPhone 15,961.0,800.0,1.0,15.0,961.0,17.0,144.0,Credit Card,4.0
2023-12-14,18-25,FL,Male,Middle,Affiliates,Home,Furniture,IKEA,Billy Bookcase,135.0,100.0,3.0,6.0,405.0,36.0,68.0,Debit Card,4.0
2023-12-14,36-45,CA,Female,Low,PPC,Beauty,Makeup,Maybelline,Fit Me Foundation,19.0,15.0,8.0,29.0,148.0,10.0,18.0,Debit Card,7.0
2023-12-14,36-45,GA,Female,Middle,Email,Electronics,Smartphones,Samsung,Galaxy S21,629.0,500.0,3.0,16.0,1886.0,20.0,366.0,Credit Card,5.0
2023-12-14,36-45,TX,Male,Low,App,Home,Furniture,IKEA,Kallax Shelf,64.0,60.0,3.0,14.0,192.0,35.0,-23.0,Digital Wallet,5.0
2023-12-14,18-25,OH,Female,Middle,App,Electronics,Laptops,Dell,XPS,1306.0,1300.0,1.0,18.0,1306.0,19.0,-13.0,Digital Wallet,8.0
2023-12-14,56-65,NY,Male,Middle,App,Beauty,Makeup,Maybelline,Lash Sensational Mascara,12.0,10.0,8.0,20.0,94.0,15.0,-1.0,Debit Card,8.0
2023-12-14,56-65,GA,Other,Middle,App,Electronics,Laptops,Dell,Inspiron,697.0,600.0,1.0,17.0,697.0,17.0,79.0,Credit Card,5.0
2023-12-14,66+,TX,Female,Low,Email,Electronics,Smartphones,Samsung,Galaxy Z Fold 5,1610.0,1500.0,1.0,18.0,1610.0,14.0,95.0,Debit Card,3.0
2023-12-14,56-65,FL,Male,Middle,PPC,Home,Furniture,IKEA,Billy Bookcase,142.0,100.0,3.0,7.0,425.0,36.0,89.0,Digital Wallet,5.0
2023-12-14,18-25,IL,Female,Low,App,Clothing,T-Shirts,Nike,Dry-FIT,28.0,20.0,6.0,23.0,169.0,16.0,33.0,Debit Card,6.0
2023-12-14,36-45,NY,Female,Low,App,Home,Beds,Tempur-Pedic,Cloud Supreme,1897.0,1800.0,1.0,5.0,1897.0,27.0,69.0,Debit Card,7.0
2023-12-14,18-25,IL,Female,Low,Others,Home,Furniture,IKEA,Billy Bookcase,145.0,100.0,13.0,6.0,1885.0,135.0,450.0,Credit Card,10.0
2023-12-14,56-65,GA,Male,Middle,PPC,Clothing,Jeans,Wrangler,Authentics,34.0,30.0,3.0,32.0,101.0,10.0,0.0,BNPL,6.0
2023-12-14,26-35,GA,Female,High,Organic,Clothing,Jeans,Wrangler,Regular Fit,42.0,35.0,4.0,24.0,168.0,13.0,16.0,Debit Card,5.0
2023-12-14,66+,OH,Male,Middle,Others,Beauty,Skincare,Neutrogena,Oil-Free Acne Wash,15.0,15.0,6.0,30.0,87.0,12.0,-14.0,Digital Wallet,7.0
2023-12-14,56-65,CA,Female,Middle,Organic,Beauty,Skincare,Neutrogena,Oil-Free Acne Wash,13.0,15.0,1.0,28.0,13.0,6.0,-8.0,BNPL,3.0
2023-12-14,66+,NY,Male,Low,Others,Electronics,Smartphones,Apple,iPhone SE,496.0,400.0,3.0,18.0,1488.0,24.0,264.0,Debit Card,7.0
2023-12-14,26-35,OH,Male,Middle,Affiliates,Beauty,Skincare,Neutrogena,Rapid Wrinkle Repair,24.0,20.0,4.0,27.0,95.0,11.0,4.0,Digital Wallet,6.0
2023-12-14,26-35,NY,Female,Middle,Organic,Beauty,Makeup,Maybelline,Lash Sensational Mascara,11.0,10.0,4.0,23.0,42.0,13.0,-11.0,Credit Card,6.0
2023-12-14,18-25,NC,Male,Middle,App,Home,Furniture,Ashley Furniture,Dining Table,289.0,200.0,3.0,9.0,867.0,39.0,228.0,Credit Card,7.0
2023-12-14,46-55,IL,Female,Low,Organic,Home,Furniture,IKEA,Kallax Shelf,83.0,60.0,1.0,12.0,83.0,23.0,-0.0,Digital Wallet,5.0
2023-12-14,36-45,CA,Male,Low,PPC,Clothing,T-Shirts,Adidas,Performance,50.0,45.0,7.0,32.0,347.0,14.0,19.0,Credit Card,7.0
2023-12-14,36-45,TX,Female,Middle,Affiliates,Home,Beds,Tempur-Pedic,Contour Elite,1995.0,1700.0,3.0,6.0,5985.0,41.0,844.0,Credit Card,6.0
2023-12-14,26-35,TX,Male,High,App,Beauty,Makeup,Maybelline,Lash Sensational Mascara,11.0,10.0,1.0,26.0,11.0,8.0,-8.0,Debit Card,4.0
2023-12-14,18-25,TX,Female,Low,Organic,Home,Furniture,IKEA,Kallax Shelf,61.0,60.0,3.0,13.0,184.0,35.0,-31.0,Credit Card,4.0
2023-12-14,18-25,PA,Other,Middle,App,Clothing,T-Shirts,Nike,Pro,30.0,30.0,7.0,26.0,212.0,17.0,-15.0,Digital Wallet,8.0
2023-12-14,36-45,FL,Female,Middle,Organic,Beauty,Makeup,Maybelline,Fit Me Foundation,18.0,15.0,3.0,25.0,54.0,10.0,-1.0,Digital Wallet,7.0
2023-12-14,18-25,IL,Male,Middle,Organic,Beauty,Skincare,Neutrogena,Oil-Free Acne Wash,12.0,15.0,3.0,33.0,37.0,11.0,-19.0,Digital Wallet,4.0
2023-12-14,36-45,CA,Other,Low,PPC,Home,Furniture,Ashley Furniture,Sofa,388.0,300.0,3.0,11.0,1165.0,33.0,231.0,Credit Card,5.0
2023-12-14,36-45,IL,Female,Low,Others,Beauty,Makeup,Maybelline,Lash Sensational Mascara,15.0,10.0,3.0,20.0,44.0,11.0,3.0,Credit Card,4.0
2023-12-14,36-45,FL,Female,Middle,App,Clothing,T-Shirts,Nike,Sportswear,33.0,25.0,1.0,23.0,33.0,10.0,-2.0,Debit Card,4.0
2023-12-14,46-55,TX,Male,Low,Organic,Electronics,Smartphones,Samsung,Galaxy A32,278.0,250.0,4.0,18.0,1113.0,28.0,85.0,Debit Card,5.0
2023-12-14,66+,NY,Female,Low,Affiliates,Electronics,Smartphones,Apple,iPhone 15,861.0,800.0,1.0,22.0,861.0,17.0,44.0,Debit Card,4.0
2023-12-14,26-35,FL,Male,Low,Affiliates,Electronics,Smartphones,Apple,iPhone 15,970.0,800.0,3.0,13.0,2909.0,22.0,487.0,Debit Card,5.0
2023-12-14,36-45,GA,Female,Middle,App,Home,Furniture,Ashley Furniture,Bed Frame,231.0,100.0,3.0,10.0,694.0,34.0,360.0,Credit Card,5.0
2023-12-14,46-55,TX,Male,Low,Email,Electronics,Laptops,HP,Pavilion,665.0,600.0,3.0,18.0,1995.0,30.0,166.0,Debit Card,5.0
2023-12-14,26-35,CA,Other,Middle,App,Beauty,Makeup,Maybelline,Fit Me Foundation,14.0,15.0,8.0,26.0,113.0,10.0,-18.0,Debit Card,7.0
2023-12-14,56-65,FL,Female,Low,Affiliates,Home,Furniture,IKEA,Billy Bookcase,142.0,100.0,3.0,5.0,427.0,36.0,91.0,Debit Card,6.0
2023-12-14,46-55,NY,Male,Middle,Organic,Home,Beds,Serta,Perfect Sleeper,900.0,750.0,3.0,8.0,2701.0,44.0,407.0,Debit Card,5.0
2023-12-14,26-35,TX,Male,Middle,App,Home,Furniture,IKEA,Kallax Shelf,63.0,60.0,1.0,8.0,63.0,21.0,-18.0,Digital Wallet,5.0
2023-12-14,46-55,NC,Male,High,Affiliates,Home,Furniture,IKEA,Kallax Shelf,68.0,60.0,3.0,10.0,204.0,39.0,-15.0,Debit Card,8.0
2023-12-14,56-65,IL,Male,Low,Organic,Electronics,Smartphones,Apple,iPhone SE,561.0,400.0,3.0,13.0,1683.0,23.0,460.0,BNPL,5.0
2023-12-14,18-25,IL,Female,Middle,Others,Home,Beds,Tempur-Pedic,Cloud Supreme,1909.0,1800.0,3.0,9.0,5728.0,43.0,285.0,Debit Card,5.0
2023-12-14,26-35,NC,Other,Middle,Email,Home,Furniture,IKEA,Kallax Shelf,60.0,60.0,1.0,7.0,60.0,25.0,-25.0,Debit Card,6.0
2023-12-14,36-45,MI,Other,Middle,Organic,Electronics,Laptops,Apple Laptop,MacBook Pro M2,1250.0,1200.0,1.0,17.0,1250.0,21.0,29.0,Credit Card,5.0
2023-12-14,26-35,FL,Female,Low,Email,Electronics,Laptops,Apple Laptop,MacBook Pro M3,1513.0,1500.0,1.0,19.0,1513.0,19.0,-6.0,Digital Wallet,4.0
2023-12-14,56-65,PA,Male,Low,App,Beauty,Skincare,Neutrogena,Oil-Free Acne Wash,15.0,15.0,3.0,34.0,44.0,11.0,-12.0,Credit Card,4.0
2023-12-14,56-65,CA,Male,Middle,Others,Home,Furniture,Ashley Furniture,Dining Table,349.0,200.0,3.0,6.0,1048.0,33.0,415.0,Debit Card,4.0
2023-12-14,56-65,CA,Male,Low,Organic,Electronics,Laptops,Dell,XPS,1488.0,1300.0,1.0,10.0,1488.0,16.0,172.0,Credit Card,2.0
2023-12-14,18-25,IL,Female,High,Organic,Beauty,Makeup,Maybelline,Fit Me Foundation,14.0,15.0,4.0,20.0,58.0,12.0,-14.0,Credit Card,4.0
2023-12-14,18-25,TX,Male,Low,Organic,Electronics,Laptops,Apple Laptop,MacBook Pro M3,1668.0,1500.0,1.0,12.0,1668.0,18.0,149.0,Credit Card,3.0
2023-12-14,18-25,OH,Female,Middle,PPC,Electronics,Smartphones,Apple,iPhone 14,796.0,700.0,1.0,19.0,796.0,15.0,81.0,Credit Card,3.0
2023-12-14,56-65,NC,Other,Middle,Affiliates,Beauty,Makeup,Maybelline,Fit Me Foundation,15.0,15.0,7.0,24.0,105.0,15.0,-16.0,Digital Wallet,6.0
2023-12-14,66+,FL,Female,Middle,Organic,Beauty,Makeup,Maybelline,Fit Me Foundation,16.0,15.0,3.0,22.0,48.0,10.0,-7.0,Debit Card,4.0
2023-12-14,26-35,NY,Female,High,PPC,Home,Furniture,IKEA,Billy Bookcase,153.0,100.0,1.0,10.0,153.0,24.0,28.0,Credit Card,5.0
2023-12-14,18-25,IL,Other,Middle,Email,Clothing,T-Shirts,Nike,Dry-FIT,26.0,20.0,3.0,23.0,77.0,13.0,4.0,Credit Card,5.0
2023-12-14,66+,NY,Male,Middle,PPC,Home,Beds,Serta,iComfort,2343.0,1900.0,1.0,6.0,2343.0,27.0,416.0,Debit Card,5.0
2023-12-14,56-65,CA,Female,Low,Organic,Home,Beds,Tempur-Pedic,Cloud Supreme,1822.0,1800.0,1.0,11.0,1822.0,22.0,-0.0,Debit Card,4.0
2023-12-14,66+,NY,Other,Low,App,Beauty,Makeup,Maybelline,Lash Sensational Mascara,14.0,10.0,3.0,24.0,42.0,12.0,0.0,Digital Wallet,5.0
2023-12-14,18-25,FL,Female,High,App,Home,Furniture,IKEA,Billy Bookcase,128.0,100.0,3.0,6.0,384.0,36.0,47.0,Credit Card,5.0
2023-12-14,56-65,TX,Female,Middle,Affiliates,Clothing,Jeans,Wrangler,Authentics,38.0,30.0,14.0,35.0,533.0,28.0,85.0,Credit Card,11.0
2023-12-14,26-35,GA,Female,Middle,App,Home,Furniture,Ashley Furniture,Sofa,379.0,300.0,1.0,11.0,379.0,20.0,59.0,BNPL,5.0
2023-12-14,26-35,FL,Female,High,Organic,Clothing,T-Shirts,Adidas,Essentials,23.0,35.0,3.0,36.0,68.0,12.0,-49.0,Credit Card,3.0
2023-12-14,66+,TX,Male,Middle,Email,Electronics,Smartphones,Apple,iPhone 15,876.0,800.0,3.0,18.0,2629.0,21.0,208.0,Digital Wallet,5.0
2023-12-14,46-55,PA,Female,Middle,Organic,Beauty,Skincare,Neutrogena,Rapid Wrinkle Repair,20.0,20.0,1.0,25.0,20.0,10.0,-10.0,Credit Card,4.0
2023-12-14,36-45,TX,Male,Middle,Organic,Home,Furniture,IKEA,Billy Bookcase,124.0,100.0,1.0,12.0,124.0,21.0,3.0,Debit Card,5.0
2023-12-14,18-25,CA,Female,High,PPC,Home,Furniture,IKEA,Kallax Shelf,74.0,60.0,3.0,7.0,222.0,33.0,9.0,Debit Card,5.0
2023-12-14,46-55,CA,Male,Middle,Organic,Home,Furniture,IKEA,Billy Bookcase,126.0,100.0,1.0,14.0,126.0,19.0,7.0,Digital Wallet,4.0
2023-12-14,46-55,NY,Other,Middle,App,Electronics,Smartphones,Apple,iPhone SE,520.0,400.0,4.0,17.0,2079.0,31.0,447.0,BNPL,5.0
2023-12-14,26-35,TX,Female,Middle,Affiliates,Beauty,Skincare,Neutrogena,Rapid Wrinkle Repair,25.0,20.0,4.0,26.0,100.0,10.0,9.0,Credit Card,4.0
2023-12-14,18-25,NY,Male,Middle,Affiliates,Beauty,Makeup,Maybelline,Fit Me Foundation,13.0,15.0,4.0,28.0,50.0,13.0,-23.0,Credit Card,4.0
2023-12-14,36-45,CA,Female,Middle,App,Home,Beds,Tempur-Pedic,Contour Elite,1871.0,1700.0,3.0,5.0,5614.0,39.0,475.0,Digital Wallet,3.0
2023-12-14,56-65,OH,Female,Low,App,Beauty,Makeup,Maybelline,Fit Me Foundation,16.0,15.0,4.0,24.0,63.0,10.0,-7.0,Digital Wallet,5.0
2023-12-14,56-65,NY,Female,High,Organic,Clothing,T-Shirts,Nike,Sportswear,30.0,25.0,7.0,25.0,210.0,19.0,17.0,Credit Card,8.0
2023-12-14,26-35,OH,Male,Middle,Affiliates,Beauty,Makeup,Maybelline,Lash Sensational Mascara,10.0,10.0,4.0,20.0,39.0,10.0,-11.0,Digital Wallet,4.0
2023-12-14,66+,IL,Other,Middle,Affiliates,Electronics,Smartphones,Apple,iPhone SE,484.0,400.0,3.0,18.0,1452.0,23.0,229.0,Debit Card,5.0
2023-12-14,26-35,OH,Male,Middle,Others,Clothing,T-Shirts,Adidas,Essentials,35.0,35.0,3.0,21.0,106.0,11.0,-10.0,Credit Card,5.0
2023-12-14,36-45,PA,Other,Middle,App,Electronics,Smartphones,Apple,iPhone SE,484.0,400.0,3.0,19.0,1451.0,23.0,229.0,Credit Card,6.0
2023-12-14,26-35,OH,Female,High,Organic,Home,Beds,Tempur-Pedic,Contour Elite,1867.0,1700.0,1.0,9.0,1867.0,25.0,143.0,Digital Wallet,4.0
2023-12-14,46-55,CA,Male,Middle,Others,Home,Beds,Tempur-Pedic,Cloud Supreme,1958.0,1800.0,1.0,6.0,1958.0,22.0,136.0,Credit Card,5.0
2023-12-14,46-55,IL,Male,Low,Others,Home,Beds,Tempur-Pedic,Contour Elite,1957.0,1700.0,3.0,8.0,5872.0,43.0,729.0,BNPL,6.0
2023-12-14,26-35,IL,Female,Middle,App,Home,Beds,Serta,iComfort,2107.0,1900.0,1.0,7.0,2107.0,26.0,181.0,Debit Card,4.0
2023-12-14,56-65,TX,Male,Low,App,Home,Furniture,IKEA,Billy Bookcase,144.0,100.0,3.0,12.0,431.0,35.0,96.0,Digital Wallet,6.0
2023-12-14,18-25,MI,Male,Low,Organic,Electronics,Laptops,Dell,XPS,1451.0,1300.0,3.0,11.0,4352.0,32.0,420.0,Digital Wallet,6.0
2023-12-14,56-65,FL,Male,Low,Organic,Electronics,Smartphones,Samsung,Galaxy S21,719.0,500.0,4.0,12.0,2878.0,29.0,848.0,Credit Card,6.0
2023-12-14,26-35,MI,Male,High,Affiliates,Electronics,Smartphones,Samsung,Galaxy S21,692.0,500.0,1.0,15.0,692.0,17.0,175.0,BNPL,4.0
2023-12-14,56-65,PA,Male,Middle,Organic,Beauty,Makeup,Maybelline,Lash Sensational Mascara,11.0,10.0,7.0,21.0,80.0,13.0,-3.0,Debit Card,8.0
2023-12-14,56-65,TX,Male,Low,App,Beauty,Skincare,Neutrogena,Oil-Free Acne Wash,13.0,15.0,18.0,33.0,239.0,20.0,-51.0,Digital Wallet,11.0
2023-12-14,36-45,NY,Male,High,App,Home,Furniture,Ashley Furniture,Sofa,414.0,300.0,3.0,8.0,1242.0,38.0,304.0,Credit Card,6.0
2023-12-14,66+,CA,Other,Low,Organic,Electronics,Smartphones,Apple,iPhone 14,891.0,700.0,4.0,12.0,3562.0,26.0,736.0,Digital Wallet,5.0
2023-12-14,36-45,PA,Female,High,Organic,Home,Beds,Tempur-Pedic,Contour Elite,1922.0,1700.0,3.0,5.0,5767.0,42.0,625.0,Credit Card,6.0
2023-12-14,26-35,CA,Male,Middle,Affiliates,Beauty,Skincare,Neutrogena,Hydro Boost Gel,15.0,20.0,3.0,27.0,45.0,7.0,-23.0,Debit Card,3.0
2023-12-14,26-35,NY,Male,Middle,Organic,Clothing,Jeans,Wrangler,Regular Fit,44.0,35.0,1.0,28.0,44.0,12.0,-3.0,Debit Card,4.0
2023-12-14,18-25,FL,Female,Low,Organic,Home,Furniture,IKEA,Kallax Shelf,58.0,60.0,3.0,11.0,174.0,36.0,-42.0,Digital Wallet,5.0
2023-12-14,26-35,TX,Female,Middle,Others,Beauty,Makeup,Maybelline,Lash Sensational Mascara,11.0,10.0,3.0,29.0,33.0,9.0,-6.0,Digital Wallet,5.0
2023-12-14,26-35,GA,Male,Middle,PPC,Home,Beds,Tempur-Pedic,Cloud Supreme,2016.0,1800.0,18.0,6.0,36285.0,225.0,3660.0,Credit Card,14.0
2023-12-14,18-25,IL,Male,Low,Email,Beauty,Makeup,Revlon,ColorStay Lipstick,14.0,15.0,1.0,27.0,14.0,10.0,-12.0,Debit Card,5.0
2023-12-14,46-55,NC,Male,Middle,Organic,Beauty,Makeup,Maybelline,Fit Me Foundation,17.0,15.0,8.0,20.0,140.0,16.0,3.0,BNPL,7.0
2023-12-14,18-25,TX,Male,High,Organic,Electronics,Smartphones,Samsung,Galaxy A32,278.0,250.0,4.0,14.0,1113.0,28.0,85.0,Debit Card,2.0
2023-12-14,26-35,TX,Other,Middle,Affiliates,Electronics,Smartphones,Samsung,Galaxy S21,683.0,500.0,4.0,13.0,2732.0,28.0,704.0,Digital Wallet,5.0
2023-12-14,26-35,CA,Female,Middle,Organic,Clothing,Jeans,Wrangler,Authentics,41.0,30.0,1.0,31.0,41.0,7.0,3.0,Digital Wallet,3.0
2023-12-14,66+,CA,Other,Low,PPC,Home,Furniture,IKEA,Billy Bookcase,152.0,100.0,1.0,12.0,152.0,19.0,33.0,Credit Card,3.0
2023-12-14,26-35,FL,Female,Low,Email,Electronics,Smartphones,Samsung,Galaxy S21,583.0,500.0,10.0,18.0,5829.0,57.0,772.0,Credit Card,10.0
2023-12-14,36-45,NY,Female,High,App,Beauty,Skincare,Neutrogena,Oil-Free Acne Wash,15.0,15.0,3.0,29.0,45.0,12.0,-12.0,Digital Wallet,6.0
2023-12-14,36-45,NY,Female,Low,Organic,Beauty,Makeup,Maybelline,Fit Me Foundation,15.0,15.0,7.0,22.0,104.0,14.0,-15.0,Debit Card,6.0
2023-12-14,26-35,FL,Male,Low,App,Beauty,Makeup,Maybelline,Fit Me Foundation,13.0,15.0,3.0,28.0,40.0,10.0,-15.0,BNPL,4.0
2023-12-14,26-35,IL,Other,Low,App,Home,Furniture,IKEA,Kallax Shelf,56.0,60.0,1.0,11.0,56.0,23.0,-27.0,Credit Card,4.0
2023-12-14,56-65,CA,Other,Middle,Organic,Beauty,Skincare,Neutrogena,Hydro Boost Gel,22.0,20.0,4.0,28.0,87.0,8.0,-1.0,Credit Card,3.0
2023-12-14,26-35,FL,Female,High,Others,Beauty,Skincare,Neutrogena,Rapid Wrinkle Repair,21.0,20.0,4.0,32.0,85.0,11.0,-6.0,Digital Wallet,4.0
2023-12-14,46-55,PA,Male,Middle,Organic,Electronics,Laptops,Apple Laptop,MacBook Air M2,1021.0,1000.0,1.0,18.0,1021.0,20.0,1.0,Debit Card,6.0
2023-12-14,26-35,NY,Female,High,Email,Clothing,Jeans,Wrangler,Authentics,30.0,30.0,3.0,32.0,91.0,14.0,-13.0,BNPL,6.0
2023-12-14,26-35,CA,Female,Low,App,Electronics,Smartphones,Apple,iPhone 14,825.0,700.0,3.0,17.0,2476.0,19.0,357.0,Digital Wallet,4.0
2023-12-14,26-35,OH,Male,Low,Others,Beauty,Makeup,Maybelline,Fit Me Foundation,13.0,15.0,1.0,28.0,13.0,9.0,-11.0,Digital Wallet,2.0
2023-12-14,66+,GA,Male,High,Organic,Beauty,Skincare,Neutrogena,Rapid Wrinkle Repair,14.0,20.0,3.0,33.0,42.0,8.0,-26.0,BNPL,5.0
2023-12-14,18-25,MI,Male,Middle,Affiliates,Beauty,Makeup,Maybelline,Fit Me Foundation,13.0,15.0,6.0,27.0,78.0,13.0,-25.0,Debit Card,6.0
2023-12-14,36-45,OH,Female,Low,Others,Clothing,Jeans,Levis,Bootcut,80.0,100.0,3.0,30.0,239.0,12.0,-73.0,Credit Card,5.0
2023-12-14,26-35,CA,Female,Middle,Organic,Beauty,Makeup,Maybelline,Fit Me Foundation,18.0,15.0,6.0,23.0,106.0,9.0,8.0,Digital Wallet,5.0
2023-12-14,36-45,MI,Male,High,Affiliates,Beauty,Skincare,Neutrogena,Rapid Wrinkle Repair,18.0,20.0,6.0,32.0,109.0,14.0,-24.0,Digital Wallet,7.0
2023-12-14,46-55,PA,Female,Low,App,Electronics,Smartphones,Samsung,Galaxy S21,684.0,500.0,1.0,17.0,684.0,16.0,168.0,Digital Wallet,4.0
2023-12-14,46-55,FL,Female,High,Organic,Clothing,T-Shirts,Adidas,Performance,55.0,45.0,6.0,28.0,332.0,15.0,47.0,Credit Card,6.0
2023-12-14,66+,GA,Female,Middle,Organic,Clothing,Jeans,Wrangler,Regular Fit,51.0,35.0,3.0,23.0,152.0,10.0,36.0,Credit Card,4.0
2023-12-14,56-65,TX,Other,High,App,Electronics,Smartphones,Apple,iPhone SE,532.0,400.0,3.0,12.0,1597.0,21.0,376.0,Debit Card,4.0
2023-12-14,46-55,MI,Female,Middle,Email,Home,Beds,Tempur-Pedic,Contour Elite,1803.0,1700.0,1.0,12.0,1803.0,26.0,76.0,Credit Card,5.0
2023-12-14,18-25,FL,Other,Middle,Organic,Beauty,Makeup,Maybelline,Lash Sensational Mascara,11.0,10.0,1.0,25.0,11.0,9.0,-9.0,Digital Wallet,3.0
2023-12-14,46-55,OH,Female,Middle,Email,Electronics,Smartphones,Apple,iPhone 15,995.0,800.0,1.0,12.0,995.0,15.0,181.0,BNPL,4.0
2023-12-14,56-65,TX,Male,Middle,PPC,Home,Beds,Tempur-Pedic,Cloud Supreme,1926.0,1800.0,1.0,11.0,1926.0,24.0,102.0,Digital Wallet,4.0
2023-12-14,18-25,PA,Female,Middle,Others,Electronics,Smartphones,Apple,iPhone 15,882.0,800.0,3.0,22.0,2646.0,23.0,223.0,Debit Card,4.0
2023-12-14,36-45,TX,Male,Low,Email,Electronics,Laptops,HP,Envy,882.0,700.0,1.0,11.0,882.0,18.0,164.0,Debit Card,5.0
2023-12-14,46-55,IL,Female,Low,Email,Electronics,Laptops,Dell,XPS,1275.0,1300.0,3.0,19.0,3824.0,32.0,-108.0,Debit Card,4.0
2023-12-14,36-45,FL,Female,Middle,PPC,Home,Beds,Tempur-Pedic,Cloud Supreme,2010.0,1800.0,1.0,6.0,2010.0,25.0,185.0,Credit Card,7.0
2023-12-14,46-55,MI,Male,Middle,Organic,Clothing,T-Shirts,Adidas,Essentials,43.0,35.0,6.0,26.0,259.0,16.0,32.0,Digital Wallet,6.0
2023-12-14,66+,OH,Male,High,PPC,Electronics,Smartphones,Samsung,Galaxy S21,762.0,500.0,4.0,14.0,3047.0,29.0,1018.0,Credit Card,7.0
2023-12-14,18-25,CA,Female,High,Email,Home,Beds,Tempur-Pedic,Cloud Supreme,1986.0,1800.0,3.0,9.0,5957.0,39.0,518.0,Credit Card,3.0
2023-12-14,56-65,CA,Female,Middle,Email,Home,Beds,Serta,Perfect Sleeper,912.0,750.0,1.0,5.0,912.0,22.0,140.0,Debit Card,3.0
2023-12-14,56-65,GA,Female,Middle,Email,Beauty,Makeup,Maybelline,Fit Me Foundation,20.0,15.0,4.0,27.0,78.0,9.0,9.0,Digital Wallet,4.0
2023-12-14,26-35,FL,Male,Middle,Others,Home,Furniture,Ashley Furniture,Bed Frame,214.0,100.0,1.0,6.0,214.0,22.0,92.0,Credit Card,5.0
2023-12-14,18-25,NY,Male,High,Email,Electronics,Smartphones,Samsung,Galaxy A32,280.0,250.0,3.0,17.0,841.0,24.0,66.0,Digital Wallet,5.0
2023-12-14,46-55,FL,Female,Low,App,Home,Furniture,IKEA,Kallax Shelf,65.0,60.0,3.0,5.0,194.0,36.0,-22.0,Credit Card,5.0
2023-12-14,66+,IL,Female,High,Email,Beauty,Makeup,Revlon,ColorStay Lipstick,17.0,15.0,7.0,21.0,119.0,13.0,1.0,Credit Card,6.0
2023-12-14,26-35,NY,Male,Middle,Affiliates,Clothing,T-Shirts,Adidas,Performance,44.0,45.0,6.0,35.0,264.0,17.0,-23.0,Digital Wallet,7.0
2023-12-14,26-35,PA,Female,Middle,Affiliates,Electronics,Smartphones,Samsung,Galaxy Z Fold 5,1596.0,1500.0,4.0,16.0,6385.0,30.0,355.0,Debit Card,6.0
2023-12-14,36-45,IL,Female,Low,App,Home,Furniture,IKEA,Billy Bookcase,95.0,100.0,3.0,10.0,284.0,37.0,-53.0,Digital Wallet,6.0
2023-12-14,26-35,CA,Female,Middle,Email,Electronics,Laptops,Dell,XPS,1414.0,1300.0,1.0,14.0,1414.0,16.0,98.0,Credit Card,4.0
2023-12-14,26-35,PA,Female,High,App,Home,Beds,Tempur-Pedic,Cloud Supreme,1968.0,1800.0,3.0,6.0,5905.0,42.0,462.0,Debit Card,5.0
2023-12-14,26-35,IL,Male,Middle,PPC,Home,Beds,Serta,iComfort,2270.0,1900.0,1.0,5.0,2270.0,26.0,344.0,Debit Card,6.0
2023-12-14,56-65,NC,Other,Middle,Affiliates,Home,Furniture,IKEA,Billy Bookcase,143.0,100.0,3.0,12.0,428.0,39.0,89.0,Credit Card,7.0
2023-12-14,18-25,FL,Other,Middle,Affiliates,Beauty,Makeup,Maybelline,Fit Me Foundation,13.0,15.0,8.0,28.0,106.0,13.0,-27.0,Digital Wallet,6.0
2023-12-14,46-55,NY,Male,Low,Others,Electronics,Smartphones,Samsung,Galaxy A32,288.0,250.0,1.0,19.0,288.0,17.0,21.0,Digital Wallet,4.0
2023-12-14,36-45,FL,Female,Middle,Others,Electronics,Laptops,Apple Laptop,MacBook Pro M2,1258.0,1200.0,1.0,18.0,1258.0,19.0,38.0,Debit Card,5.0
2023-12-14,56-65,TX,Female,Middle,App,Beauty,Makeup,Maybelline,Fit Me Foundation,19.0,15.0,3.0,20.0,56.0,9.0,2.0,Credit Card,5.0
2023-12-14,18-25,OH,Female,Middle,Organic,Clothing,Jeans,Levis,501 Original,58.0,60.0,4.0,31.0,233.0,14.0,-21.0,Debit Card,5.0
2023-12-14,46-55,NC,Female,Middle,Organic,Beauty,Skincare,Neutrogena,Rapid Wrinkle Repair,21.0,20.0,1.0,30.0,21.0,12.0,-11.0,Credit Card,4.0
2023-12-14,26-35,GA,Other,Low,Affiliates,Home,Furniture,IKEA,Kallax Shelf,64.0,60.0,1.0,11.0,64.0,20.0,-17.0,Digital Wallet,4.0
2023-12-14,18-25,OH,Female,High,Others,Electronics,Smartphones,Apple,iPhone 15,939.0,800.0,1.0,18.0,939.0,15.0,124.0,Credit Card,4.0
2023-12-14,18-25,MI,Other,Low,Others,Home,Furniture,IKEA,Kallax Shelf,66.0,60.0,1.0,13.0,66.0,24.0,-17.0,Credit Card,6.0
2023-12-14,56-65,MI,Female,High,Email,Beauty,Makeup,Maybelline,Fit Me Foundation,17.0,15.0,4.0,25.0,68.0,12.0,-4.0,Debit Card,6.0
2023-12-14,66+,CA,Female,Low,Email,Beauty,Skincare,Neutrogena,Hydro Boost Gel,16.0,20.0,3.0,28.0,48.0,7.0,-19.0,Credit Card,4.0
2023-12-14,26-35,PA,Other,Middle,Others,Beauty,Makeup,Revlon,PhotoReady Concealer,14.0,12.0,8.0,22.0,113.0,14.0,3.0,Debit Card,7.0
2023-12-14,36-45,OH,Male,Middle,Organic,Electronics,Smartphones,Samsung,Galaxy S21,621.0,500.0,1.0,21.0,621.0,15.0,106.0,Debit Card,4.0
2023-12-14,66+,CA,Male,Low,Email,Beauty,Makeup,Maybelline,Lash Sensational Mascara,14.0,10.0,6.0,21.0,85.0,9.0,16.0,Digital Wallet,5.0
2023-12-14,26-35,FL,Female,Middle,App,Beauty,Makeup,Maybelline,Lash Sensational Mascara,12.0,10.0,7.0,29.0,85.0,12.0,3.0,BNPL,7.0
2023-12-14,18-25,TX,Female,Middle,Affiliates,Electronics,Smartphones,Apple,iPhone SE,507.0,400.0,1.0,21.0,507.0,14.0,93.0,Credit Card,4.0
2023-12-14,26-35,CA,Male,Middle,Email,Clothing,T-Shirts,Nike,Sportswear,26.0,25.0,1.0,35.0,26.0,7.0,-6.0,Credit Card,4.0
2023-12-14,18-25,TX,Female,Middle,PPC,Electronics,Smartphones,Apple,iPhone 15,889.0,800.0,1.0,22.0,889.0,14.0,74.0,Digital Wallet,4.0
2023-12-14,26-35,FL,Male,Middle,Email,Home,Furniture,IKEA,Billy Bookcase,129.0,100.0,3.0,9.0,388.0,36.0,52.0,Debit Card,7.0
2023-12-14,26-35,CA,Female,High,App,Beauty,Makeup,Revlon,ColorStay Lipstick,15.0,15.0,8.0,26.0,120.0,10.0,-10.0,BNPL,7.0
2023-12-14,56-65,GA,Male,Middle,Affiliates,Home,Furniture,IKEA,Billy Bookcase,138.0,100.0,1.0,9.0,138.0,20.0,18.0,Debit Card,4.0
2023-12-14,56-65,OH,Other,Low,Organic,Beauty,Makeup,Revlon,ColorStay Lipstick,17.0,15.0,7.0,23.0,120.0,12.0,3.0,Debit Card,6.0
2023-12-14,46-55,TX,Male,Middle,Others,Beauty,Makeup,Maybelline,Fit Me Foundation,18.0,15.0,4.0,26.0,73.0,10.0,4.0,Debit Card,6.0
2023-12-14,36-45,PA,Other,Middle,App,Home,Furniture,Ashley Furniture,Sofa,381.0,300.0,1.0,11.0,381.0,23.0,59.0,BNPL,6.0
2023-12-14,26-35,TX,Male,High,Organic,Home,Furniture,IKEA,Billy Bookcase,136.0,100.0,3.0,8.0,407.0,35.0,72.0,Debit Card,6.0
2023-12-14,46-55,NY,Male,Middle,Others,Home,Beds,Tempur-Pedic,Cloud Supreme,2022.0,1800.0,3.0,9.0,6067.0,44.0,623.0,Credit Card,4.0
2023-12-14,56-65,CA,Male,High,Organic,Electronics,Smartphones,Samsung,Galaxy S21,641.0,500.0,1.0,15.0,641.0,12.0,129.0,Debit Card,2.0
2023-12-14,18-25,TX,Female,Middle,Organic,Beauty,Makeup,Maybelline,Lash Sensational Mascara,8.0,10.0,6.0,28.0,51.0,11.0,-20.0,Debit Card,5.0
2023-12-14,36-45,OH,Male,Low,App,Beauty,Makeup,Maybelline,Lash Sensational Mascara,12.0,10.0,8.0,20.0,100.0,13.0,7.0,Credit Card,7.0
2023-12-14,56-65,CA,Male,Middle,PPC,Beauty,Skincare,Neutrogena,Hydro Boost Gel,16.0,20.0,4.0,25.0,65.0,8.0,-23.0,Debit Card,5.0
2023-12-14,36-45,CA,Other,Middle,Affiliates,Home,Furniture,IKEA,Billy Bookcase,127.0,100.0,3.0,11.0,382.0,33.0,49.0,BNPL,3.0
2023-12-14,66+,GA,Male,Middle,Affiliates,Clothing,T-Shirts,Nike,Dry-FIT,22.0,20.0,6.0,26.0,132.0,13.0,-1.0,Digital Wallet,6.0
2023-12-14,26-35,FL,Male,Middle,Organic,Home,Beds,Serta,iComfort,2378.0,1900.0,3.0,9.0,7134.0,42.0,1392.0,Digital Wallet,5.0
2023-12-14,36-45,MI,Female,Low,App,Beauty,Makeup,Maybelline,Fit Me Foundation,15.0,15.0,3.0,23.0,44.0,11.0,-12.0,Credit Card,6.0
2023-12-14,56-65,NY,Male,High,Organic,Home,Furniture,IKEA,Billy Bookcase,131.0,100.0,3.0,9.0,392.0,38.0,54.0,Digital Wallet,6.0
2023-12-14,26-35,NY,Male,Middle,Affiliates,Clothing,Jeans,Levis,Slim Fit,60.0,50.0,3.0,29.0,179.0,14.0,14.0,Debit Card,3.0
2023-12-14,26-35,IL,Male,Low,Organic,Beauty,Makeup,Maybelline,Fit Me Foundation,19.0,15.0,1.0,22.0,19.0,10.0,-6.0,BNPL,3.0
2023-12-14,36-45,CA,Other,Middle,Others,Electronics,Smartphones,Samsung,Galaxy A32,255.0,250.0,3.0,17.0,766.0,19.0,-4.0,Credit Card,5.0
2023-12-14,26-35,OH,Male,Low,Email,Electronics,Smartphones,Samsung,Galaxy S21,616.0,500.0,1.0,21.0,616.0,15.0,101.0,BNPL,5.0
2023-12-14,56-65,IL,Female,High,Organic,Home,Beds,Tempur-Pedic,Contour Elite,1804.0,1700.0,1.0,11.0,1804.0,26.0,78.0,Credit Card,5.0
2023-12-14,18-25,NY,Female,Middle,Organic,Beauty,Makeup,Maybelline,Lash Sensational Mascara,10.0,10.0,6.0,23.0,60.0,14.0,-13.0,Credit Card,6.0
2023-12-14,26-35,FL,Female,Low,Others,Home,Furniture,IKEA,Billy Bookcase,134.0,100.0,3.0,12.0,403.0,36.0,66.0,Digital Wallet,6.0
2023-12-14,56-65,CA,Male,Middle,Email,Electronics,Smartphones,Apple,iPhone 15,938.0,800.0,4.0,19.0,3750.0,26.0,524.0,Debit Card,5.0
2023-12-14,36-45,TX,Female,Middle,Organic,Electronics,Smartphones,Samsung,Galaxy S21,679.0,500.0,1.0,18.0,679.0,14.0,165.0,Credit Card,4.0
2023-12-14,56-65,FL,Male,Low,Others,Home,Furniture,IKEA,Billy Bookcase,156.0,100.0,3.0,11.0,467.0,36.0,130.0,BNPL,6.0
2023-12-14,46-55,TX,Female,Middle,Affiliates,Electronics,Smartphones,Apple,iPhone SE,473.0,400.0,3.0,19.0,1418.0,21.0,197.0,Debit Card,4.0
2023-12-14,46-55,NY,Female,Middle,Affiliates,Electronics,Smartphones,Samsung,Galaxy Z Fold 5,1479.0,1500.0,1.0,20.0,1479.0,17.0,-39.0,Digital Wallet,4.0
2023-12-14,18-25,PA,Female,Low,PPC,Home,Beds,Tempur-Pedic,Contour Elite,1829.0,1700.0,3.0,7.0,5488.0,42.0,345.0,BNPL,7.0
2023-12-14,26-35,TX,Other,Middle,Organic,Clothing,T-Shirts,Adidas,Performance,54.0,45.0,6.0,24.0,324.0,14.0,40.0,Debit Card,6.0
2023-12-14,46-55,NY,Female,Low,App,Electronics,Smartphones,Samsung,Galaxy Z Fold 5,1616.0,1500.0,4.0,13.0,6464.0,31.0,432.0,Digital Wallet,6.0
2023-12-14,26-35,GA,Other,Middle,Organic,Beauty,Skincare,Neutrogena,Oil-Free Acne Wash,15.0,15.0,6.0,28.0,93.0,10.0,-8.0,Debit Card,6.0
2023-12-14,46-55,IL,Male,Middle,App,Home,Furniture,Ashley Furniture,Bed Frame,221.0,100.0,1.0,13.0,221.0,23.0,97.0,Credit Card,4.0
2023-12-14,18-25,FL,Female,Middle,Others,Electronics,Smartphones,Samsung,Galaxy Z Fold 5,1402.0,1500.0,4.0,22.0,5609.0,29.0,-420.0,Credit Card,5.0
2023-12-14,56-65,OH,Male,Middle,Email,Beauty,Makeup,Maybelline,Lash Sensational Mascara,11.0,10.0,3.0,29.0,34.0,9.0,-6.0,Credit Card,4.0
2023-12-14,26-35,NC,Other,Middle,Organic,Clothing,Jeans,Levis,Bootcut,94.0,100.0,3.0,34.0,281.0,15.0,-35.0,Credit Card,7.0
2023-12-14,56-65,CA,Female,High,App,Home,Furniture,IKEA,Kallax Shelf,52.0,60.0,1.0,8.0,52.0,19.0,-27.0,Digital Wallet,4.0
2023-12-14,66+,CA,Female,High,App,Home,Furniture,IKEA,Kallax Shelf,59.0,60.0,3.0,14.0,178.0,33.0,-35.0,BNPL,5.0
2023-12-14,36-45,NY,Male,Low,Others,Clothing,Jeans,Wrangler,Regular Fit,44.0,35.0,3.0,27.0,133.0,14.0,14.0,Digital Wallet,7.0
2023-12-14,18-25,FL,Male,High,PPC,Home,Beds,Tempur-Pedic,Cloud Supreme,1850.0,1800.0,3.0,9.0,5549.0,42.0,107.0,Credit Card,8.0
2023-12-14,36-45,FL,Female,Low,Organic,Home,Furniture,Ashley Furniture,Dining Table,274.0,200.0,3.0,5.0,821.0,36.0,185.0,Digital Wallet,4.0
2023-12-14,26-35,MI,Female,Middle,App,Home,Furniture,IKEA,Billy Bookcase,119.0,100.0,1.0,12.0,119.0,24.0,-4.0,Digital Wallet,6.0
2023-12-14,56-65,CA,Male,Middle,App,Beauty,Makeup,Revlon,PhotoReady Concealer,13.0,12.0,8.0,29.0,103.0,10.0,-3.0,Digital Wallet,6.0
2023-12-14,26-35,TX,Other,High,PPC,Home,Beds,Tempur-Pedic,Contour Elite,1841.0,1700.0,3.0,7.0,5523.0,41.0,382.0,BNPL,6.0
2023-12-14,46-55,NC,Other,Low,Others,Home,Beds,Tempur-Pedic,Cloud Supreme,1924.0,1800.0,3.0,10.0,5771.0,45.0,326.0,Credit Card,6.0
2023-12-14,56-65,CA,Other,Low,App,Home,Beds,Tempur-Pedic,Contour Elite,1906.0,1700.0,3.0,8.0,5719.0,39.0,580.0,BNPL,5.0
2023-12-14,26-35,TX,Male,High,Organic,Home,Furniture,IKEA,Billy Bookcase,129.0,100.0,1.0,5.0,129.0,21.0,7.0,Debit Card,5.0
2023-12-14,36-45,TX,Other,Low,PPC,Beauty,Makeup,Maybelline,Fit Me Foundation,16.0,15.0,6.0,29.0,93.0,11.0,-7.0,Digital Wallet,5.0
2023-12-14,66+,IL,Male,Middle,App,Home,Furniture,IKEA,Billy Bookcase,130.0,100.0,3.0,10.0,391.0,37.0,54.0,Digital Wallet,6.0
2023-12-14,36-45,NC,Male,Low,App,Electronics,Laptops,Apple Laptop,MacBook Air M1,855.0,900.0,3.0,18.0,2565.0,34.0,-169.0,Credit Card,2.0
2023-12-14,66+,NC,Male,Middle,Email,Clothing,Jeans,Levis,501 Original,57.0,60.0,1.0,32.0,57.0,13.0,-16.0,Debit Card,5.0
2023-12-14,56-65,CA,Female,Low,Organic,Beauty,Makeup,Maybelline,Fit Me Foundation,14.0,15.0,4.0,28.0,57.0,8.0,-10.0,Credit Card,4.0
2023-12-14,26-35,CA,Female,Low,Organic,Electronics,Laptops,HP,Pavilion,722.0,600.0,1.0,10.0,722.0,16.0,105.0,Debit Card,3.0
2023-12-14,26-35,NY,Male,High,Others,Beauty,Makeup,Revlon,PhotoReady Concealer,14.0,12.0,3.0,22.0,41.0,12.0,-7.0,Digital Wallet,4.0
2023-12-14,36-45,FL,Male,Middle,Affiliates,Electronics,Smartphones,Samsung,Galaxy Z Fold 5,1453.0,1500.0,13.0,22.0,18892.0,71.0,-679.0,BNPL,10.0
2023-12-14,46-55,NY,Female,Low,App,Electronics,Laptops,Dell,XPS,1382.0,1300.0,1.0,13.0,1382.0,21.0,61.0,Digital Wallet,6.0
2023-12-14,66+,NY,Male,Middle,Email,Clothing,Jeans,Wrangler,Authentics,37.0,30.0,4.0,23.0,148.0,17.0,11.0,Digital Wallet,7.0
2023-12-14,26-35,CA,Female,Middle,Others,Home,Beds,Tempur-Pedic,Contour Elite,1781.0,1700.0,1.0,9.0,1781.0,22.0,59.0,Credit Card,4.0
2023-12-14,66+,TX,Female,Low,Organic,Clothing,Jeans,Wrangler,Regular Fit,50.0,35.0,4.0,31.0,199.0,14.0,46.0,Credit Card,5.0
2023-12-14,36-45,TX,Female,Middle,Affiliates,Home,Beds,Serta,iComfort,2228.0,1900.0,1.0,7.0,2228.0,24.0,304.0,Credit Card,5.0
2023-12-14,26-35,IL,Male,Middle,Email,Electronics,Smartphones,Apple,iPhone SE,499.0,400.0,3.0,17.0,1498.0,23.0,275.0,Debit Card,4.0
2023-12-14,26-35,NY,Female,Middle,Others,Home,Beds,Tempur-Pedic,Contour Elite,1764.0,1700.0,3.0,12.0,5291.0,44.0,147.0,BNPL,6.0
2023-12-14,26-35,CA,Male,Middle,Affiliates,Clothing,Jeans,Wrangler,Authentics,35.0,30.0,1.0,33.0,35.0,7.0,-2.0,Credit Card,6.0
2023-12-14,46-55,CA,Other,Middle,Affiliates,Beauty,Makeup,Revlon,ColorStay Lipstick,17.0,15.0,7.0,29.0,118.0,9.0,4.0,Digital Wallet,7.0
2023-12-14,46-55,NY,Other,Middle,Organic,Home,Beds,Serta,Perfect Sleeper,882.0,750.0,3.0,10.0,2647.0,44.0,353.0,Credit Card,7.0
2023-12-14,66+,CA,Female,Low,Affiliates,Home,Beds,Tempur-Pedic,Cloud Supreme,1965.0,1800.0,3.0,9.0,5895.0,39.0,456.0,Digital Wallet,4.0
2023-12-14,26-35,NY,Female,Middle,Organic,Home,Beds,Serta,iComfort,2267.0,1900.0,3.0,7.0,6801.0,44.0,1057.0,Credit Card,6.0
2023-12-14,66+,CA,Other,Middle,Organic,Electronics,Laptops,HP,Pavilion,768.0,600.0,1.0,11.0,768.0,16.0,152.0,Credit Card,3.0
2023-12-14,46-55,NY,Female,Middle,App,Electronics,Laptops,Dell,Inspiron,622.0,600.0,3.0,16.0,1867.0,33.0,35.0,BNPL,5.0
2023-12-14,56-65,PA,Male,Low,Others,Home,Beds,Tempur-Pedic,Cloud Supreme,1915.0,1800.0,3.0,11.0,5745.0,42.0,302.0,Digital Wallet,6.0
2023-12-14,36-45,TX,Other,Middle,App,Clothing,T-Shirts,Adidas,Essentials,37.0,35.0,3.0,33.0,111.0,11.0,-4.0,BNPL,4.0
2023-12-14,18-25,GA,Male,Middle,Others,Electronics,Smartphones,Apple,iPhone 15,912.0,800.0,1.0,19.0,912.0,13.0,99.0,Digital Wallet,4.0
2023-12-14,36-45,MI,Other,Low,App,Beauty,Makeup,Maybelline,Lash Sensational Mascara,12.0,10.0,3.0,24.0,36.0,11.0,-5.0,Credit Card,6.0
2023-12-14,46-55,NY,Male,Low,Organic,Home,Furniture,Ashley Furniture,Dining Table,342.0,200.0,1.0,5.0,342.0,24.0,118.0,Credit Card,5.0
2023-12-14,26-35,OH,Other,Middle,Organic,Clothing,Jeans,Levis,501 Original,57.0,60.0,1.0,29.0,57.0,10.0,-13.0,Credit Card,3.0
2023-12-14,18-25,PA,Female,Middle,PPC,Electronics,Smartphones,Apple,iPhone 15,901.0,800.0,3.0,22.0,2703.0,23.0,280.0,Credit Card,5.0
2023-12-14,46-55,IL,Other,Low,App,Beauty,Makeup,Maybelline,Lash Sensational Mascara,11.0,10.0,7.0,23.0,74.0,13.0,-10.0,Digital Wallet,7.0
2023-12-14,56-65,IL,Other,Middle,Email,Home,Furniture,Ashley Furniture,Bed Frame,224.0,100.0,1.0,13.0,224.0,23.0,100.0,Digital Wallet,6.0
2023-12-14,18-25,IL,Female,Middle,Affiliates,Beauty,Skincare,Neutrogena,Hydro Boost Gel,22.0,20.0,6.0,28.0,132.0,13.0,-2.0,Credit Card,6.0
2023-12-14,46-55,NC,Male,High,App,Clothing,Jeans,Wrangler,Regular Fit,49.0,35.0,4.0,24.0,194.0,18.0,37.0,Debit Card,7.0
2023-12-14,18-25,OH,Male,Middle,Affiliates,Beauty,Skincare,Neutrogena,Rapid Wrinkle Repair,23.0,20.0,6.0,26.0,139.0,12.0,8.0,Debit Card,2.0
2023-12-14,56-65,NY,Male,Low,Affiliates,Electronics,Smartphones,Apple,iPhone SE,471.0,400.0,4.0,21.0,1885.0,31.0,254.0,Credit Card,6.0
2023-12-14,46-55,NY,Female,High,PPC,Home,Beds,Serta,Perfect Sleeper,859.0,750.0,3.0,12.0,2576.0,44.0,282.0,Credit Card,5.0
2023-12-14,18-25,CA,Other,Low,Others,Home,Furniture,IKEA,Billy Bookcase,139.0,100.0,1.0,7.0,139.0,19.0,20.0,Credit Card,4.0
2023-12-14,26-35,TX,Male,Low,App,Clothing,Jeans,Wrangler,Authentics,35.0,30.0,3.0,32.0,104.0,11.0,3.0,Digital Wallet,5.0
2023-12-14,36-45,NC,Female,Middle,App,Home,Beds,Serta,iComfort,2120.0,1900.0,1.0,11.0,2120.0,28.0,192.0,Digital Wallet,5.0
2023-12-14,18-25,GA,Male,High,Organic,Home,Beds,Tempur-Pedic,Contour Elite,1743.0,1700.0,3.0,11.0,5229.0,40.0,90.0,Credit Card,7.0
2023-12-14,26-35,TX,Female,Middle,App,Electronics,Smartphones,Samsung,Galaxy S21,496.0,500.0,4.0,21.0,1986.0,28.0,-43.0,Debit Card,5.0
2023-12-14,18-25,MI,Female,Middle,PPC,Clothing,T-Shirts,Nike,Dry-FIT,20.0,20.0,4.0,22.0,79.0,15.0,-16.0,Debit Card,2.0
2023-12-14,36-45,IL,Female,High,App,Home,Beds,Tempur-Pedic,Contour Elite,1721.0,1700.0,3.0,12.0,5163.0,43.0,20.0,Debit Card,6.0
2023-12-14,36-45,IL,Other,Middle,Email,Home,Beds,Tempur-Pedic,Contour Elite,1872.0,1700.0,3.0,5.0,5617.0,43.0,474.0,Digital Wallet,5.0
2023-12-14,18-25,CA,Female,Low,Affiliates,Electronics,Smartphones,Samsung,Galaxy S21,673.0,500.0,4.0,14.0,2692.0,26.0,665.0,Debit Card,5.0
2023-12-14,56-65,FL,Female,Middle,App,Electronics,Smartphones,Apple,iPhone 15,880.0,800.0,3.0,19.0,2639.0,22.0,217.0,Credit Card,4.0
2023-12-14,36-45,FL,Female,Middle,Organic,Beauty,Makeup,Maybelline,Fit Me Foundation,14.0,15.0,18.0,27.0,261.0,19.0,-28.0,Credit Card,12.0
2023-12-14,26-35,IL,Female,Middle,PPC,Home,Furniture,IKEA,Billy Bookcase,138.0,100.0,1.0,6.0,138.0,23.0,15.0,Debit Card,4.0
2023-12-14,26-35,OH,Male,Low,Affiliates,Beauty,Skincare,Neutrogena,Hydro Boost Gel,14.0,20.0,4.0,27.0,57.0,11.0,-34.0,Debit Card,5.0
2023-12-14,26-35,GA,Male,Middle,PPC,Home,Furniture,Ashley Furniture,Dining Table,371.0,200.0,3.0,5.0,1113.0,34.0,478.0,Debit Card,7.0
2023-12-14,56-65,CA,Male,Middle,Affiliates,Electronics,Laptops,HP,Envy,864.0,700.0,1.0,10.0,864.0,16.0,147.0,Debit Card,6.0
2023-12-14,26-35,PA,Female,Low,Affiliates,Beauty,Makeup,Maybelline,Fit Me Foundation,15.0,15.0,11.0,29.0,167.0,16.0,-13.0,Credit Card,8.0
2023-12-14,66+,TX,Other,Middle,Affiliates,Electronics,Smartphones,Apple,iPhone 14,799.0,700.0,4.0,19.0,3198.0,28.0,369.0,Credit Card,5.0
2023-12-14,36-45,GA,Male,Low,Others,Home,Furniture,IKEA,Kallax Shelf,67.0,60.0,3.0,14.0,201.0,34.0,-13.0,Credit Card,5.0
2023-12-14,56-65,FL,Other,Middle,Others,Electronics,Smartphones,Apple,iPhone 14,906.0,700.0,8.0,13.0,7252.0,50.0,1602.0,Debit Card,8.0
2023-12-14,56-65,FL,Female,Middle,Affiliates,Electronics,Laptops,Apple Laptop,MacBook Pro M3,1576.0,1500.0,3.0,16.0,4727.0,31.0,196.0,Credit Card,8.0
2023-12-14,66+,TX,Female,Low,Affiliates,Beauty,Makeup,Revlon,ColorStay Lipstick,13.0,15.0,3.0,22.0,40.0,9.0,-14.0,BNPL,3.0
2023-12-14,46-55,CA,Other,Low,App,Home,Beds,Tempur-Pedic,Cloud Supreme,2012.0,1800.0,3.0,7.0,6035.0,39.0,596.0,Credit Card,4.0
2023-12-14,36-45,FL,Male,Middle,App,Home,Beds,Tempur-Pedic,Cloud Supreme,1848.0,1800.0,1.0,11.0,1848.0,25.0,23.0,Digital Wallet,4.0
2023-12-14,46-55,GA,Other,Middle,Email,Beauty,Makeup,Maybelline,Lash Sensational Mascara,10.0,10.0,1.0,26.0,10.0,7.0,-7.0,Credit Card,5.0
2023-12-14,26-35,TX,Female,High,Affiliates,Electronics,Laptops,HP,Pavilion,737.0,600.0,11.0,14.0,8105.0,97.0,1408.0,BNPL,9.0
2023-12-14,36-45,GA,Female,Low,Email,Electronics,Smartphones,Apple,iPhone 14,812.0,700.0,3.0,18.0,2435.0,20.0,314.0,BNPL,5.0
2023-12-14,46-55,OH,Male,High,Email,Beauty,Makeup,Revlon,PhotoReady Concealer,14.0,12.0,21.0,28.0,284.0,20.0,11.0,Digital Wallet,13.0
2023-12-14,56-65,TX,Male,High,PPC,Home,Beds,Serta,iComfort,2219.0,1900.0,3.0,10.0,6658.0,41.0,917.0,Debit Card,5.0
2023-12-14,26-35,TX,Other,High,Affiliates,Home,Furniture,IKEA,Kallax Shelf,81.0,60.0,1.0,6.0,81.0,21.0,-0.0,Debit Card,3.0
2023-12-14,18-25,TX,Male,Low,Email,Electronics,Laptops,Apple Laptop,MacBook Pro M2,1152.0,1200.0,1.0,19.0,1152.0,18.0,-67.0,Digital Wallet,5.0
2023-12-14,66+,TX,Male,Low,Organic,Clothing,Jeans,Wrangler,Authentics,46.0,30.0,3.0,23.0,137.0,11.0,35.0,Digital Wallet,4.0
2023-12-14,26-35,NY,Other,Middle,Affiliates,Home,Furniture,IKEA,Billy Bookcase,104.0,100.0,3.0,9.0,311.0,38.0,-27.0,Digital Wallet,5.0
2023-12-14,18-25,CA,Female,Middle,App,Home,Furniture,IKEA,Kallax Shelf,76.0,60.0,3.0,10.0,227.0,33.0,14.0,Debit Card,5.0
2023-12-14,36-45,PA,Female,High,Affiliates,Electronics,Smartphones,Apple,iPhone 15,893.0,800.0,1.0,19.0,893.0,16.0,77.0,BNPL,5.0
2023-12-14,26-35,PA,Female,Low,PPC,Electronics,Smartphones,Apple,iPhone 14,863.0,700.0,14.0,14.0,12085.0,79.0,2206.0,Debit Card,12.0
2023-12-14,26-35,FL,Other,High,Organic,Home,Furniture,IKEA,Kallax Shelf,75.0,60.0,1.0,12.0,75.0,22.0,-7.0,BNPL,6.0
2023-12-14,66+,PA,Female,Middle,Email,Clothing,T-Shirts,Nike,Pro,31.0,30.0,7.0,38.0,219.0,17.0,-8.0,Digital Wallet,7.0
2023-12-14,36-45,FL,Female,Low,Email,Home,Furniture,IKEA,Billy Bookcase,149.0,100.0,1.0,13.0,149.0,22.0,27.0,Digital Wallet,4.0
2023-12-14,36-45,CA,Female,Low,Organic,Home,Furniture,IKEA,Kallax Shelf,66.0,60.0,21.0,9.0,1395.0,215.0,-80.0,Debit Card,14.0
2023-12-14,18-25,PA,Other,Middle,Email,Clothing,T-Shirts,Nike,Sportswear,30.0,25.0,6.0,32.0,180.0,16.0,15.0,Debit Card,6.0
2023-12-14,36-45,IL,Other,Middle,PPC,Clothing,Jeans,Levis,Slim Fit,58.0,50.0,4.0,28.0,233.0,16.0,18.0,Digital Wallet,6.0
2023-12-14,56-65,NY,Female,Middle,Affiliates,Beauty,Makeup,Maybelline,Lash Sensational Mascara,10.0,10.0,7.0,28.0,67.0,14.0,-18.0,Credit Card,7.0
2023-12-14,26-35,PA,Other,Low,Email,Electronics,Laptops,Apple Laptop,MacBook Pro M3,1686.0,1500.0,13.0,11.0,21912.0,110.0,2302.0,Debit Card,10.0
2023-12-14,46-55,CA,Female,Middle,Affiliates,Clothing,T-Shirts,Nike,Dry-FIT,18.0,20.0,6.0,38.0,109.0,12.0,-23.0,Digital Wallet,5.0
2023-12-14,26-35,NY,Other,Middle,Organic,Home,Furniture,Ashley Furniture,Bed Frame,234.0,100.0,3.0,11.0,701.0,38.0,363.0,Debit Card,8.0
2023-12-14,26-35,OH,Other,Low,Organic,Beauty,Makeup,Maybelline,Fit Me Foundation,19.0,15.0,4.0,24.0,76.0,10.0,6.0,Credit Card,5.0
2023-12-14,36-45,PA,Female,Middle,Others,Beauty,Makeup,Maybelline,Fit Me Foundation,16.0,15.0,8.0,23.0,128.0,14.0,-5.0,Credit Card,7.0
2023-12-14,56-65,CA,Male,High,Email,Electronics,Smartphones,Samsung,Galaxy Z Fold 5,1486.0,1500.0,3.0,21.0,4459.0,19.0,-61.0,Debit Card,4.0
2023-12-14,66+,OH,Male,Middle,Organic,Clothing,Jeans,Wrangler,Authentics,30.0,30.0,1.0,35.0,30.0,10.0,-10.0,Debit Card,3.0
2023-12-14,46-55,TX,Female,High,Affiliates,Home,Furniture,IKEA,Kallax Shelf,76.0,60.0,3.0,13.0,229.0,35.0,14.0,BNPL,6.0
2023-12-14,26-35,NY,Other,Low,PPC,Beauty,Makeup,Maybelline,Lash Sensational Mascara,14.0,10.0,1.0,22.0,14.0,11.0,-8.0,Credit Card,5.0
2023-12-14,18-25,GA,Other,Middle,PPC,Home,Furniture,IKEA,Kallax Shelf,78.0,60.0,3.0,8.0,233.0,34.0,19.0,Credit Card,7.0
2023-12-14,66+,OH,Male,Middle,App,Home,Beds,Tempur-Pedic,Contour Elite,1904.0,1700.0,1.0,7.0,1904.0,25.0,179.0,Digital Wallet,5.0
2023-12-14,26-35,MI,Female,Middle,Organic,Electronics,Laptops,Dell,Inspiron,867.0,600.0,3.0,12.0,2601.0,32.0,768.0,Credit Card,5.0
2023-12-14,46-55,TX,Other,Low,Others,Beauty,Makeup,Revlon,PhotoReady Concealer,14.0,12.0,3.0,22.0,41.0,9.0,-4.0,Digital Wallet,5.0
2023-12-14,36-45,CA,Male,Middle,App,Home,Beds,Tempur-Pedic,Cloud Supreme,1919.0,1800.0,3.0,5.0,5756.0,39.0,317.0,Debit Card,6.0
2023-12-14,56-65,NY,Female,High,PPC,Electronics,Smartphones,Apple,iPhone 14,809.0,700.0,3.0,18.0,2428.0,24.0,303.0,Credit Card,6.0
2023-12-14,46-55,PA,Male,Low,Others,Home,Furniture,Ashley Furniture,Dining Table,313.0,200.0,1.0,13.0,313.0,23.0,91.0,Credit Card,4.0
2023-12-14,26-35,CA,Male,High,Affiliates,Home,Furniture,IKEA,Billy Bookcase,167.0,100.0,1.0,5.0,167.0,19.0,47.0,Debit Card,4.0
2023-12-14,26-35,GA,Male,High,Others,Electronics,Smartphones,Samsung,Galaxy A32,283.0,250.0,1.0,17.0,283.0,13.0,19.0,Digital Wallet,4.0
2023-12-14,26-35,GA,Male,Low,App,Clothing,T-Shirts,Adidas,Performance,48.0,45.0,1.0,37.0,48.0,8.0,-5.0,Debit Card,3.0
2023-12-14,66+,CA,Female,Middle,Others,Beauty,Makeup,Maybelline,Fit Me Foundation,15.0,15.0,1.0,28.0,15.0,6.0,-6.0,Debit Card,2.0
2023-12-14,26-35,FL,Other,Low,App,Home,Beds,Tempur-Pedic,Contour Elite,1896.0,1700.0,3.0,8.0,5688.0,42.0,546.0,Debit Card,5.0
2023-12-14,36-45,TX,Female,Middle,Email,Home,Furniture,Ashley Furniture,Sofa,434.0,300.0,1.0,5.0,434.0,21.0,113.0,Digital Wallet,4.0
2023-12-14,36-45,FL,Male,Middle,Email,Home,Furniture,Ashley Furniture,Dining Table,283.0,200.0,3.0,12.0,848.0,36.0,212.0,Debit Card,7.0
2023-12-14,18-25,IL,Female,Middle,PPC,Electronics,Smartphones,Samsung,Galaxy A32,302.0,250.0,3.0,19.0,907.0,23.0,134.0,Credit Card,6.0
2023-12-14,18-25,TX,Male,Middle,Affiliates,Electronics,Laptops,Dell,Inspiron,777.0,600.0,3.0,17.0,2332.0,30.0,503.0,Digital Wallet,4.0
2023-12-14,36-45,NY,Female,Middle,Affiliates,Home,Beds,Tempur-Pedic,Contour Elite,1885.0,1700.0,1.0,9.0,1885.0,27.0,158.0,Digital Wallet,7.0
2023-12-14,56-65,CA,Other,Low,Organic,Home,Beds,Tempur-Pedic,Cloud Supreme,2082.0,1800.0,3.0,5.0,6246.0,39.0,807.0,Digital Wallet,6.0
2023-12-14,36-45,NY,Female,Middle,App,Electronics,Smartphones,Apple,iPhone 15,955.0,800.0,1.0,16.0,955.0,17.0,138.0,Credit Card,5.0
2023-12-14,18-25,FL,Female,Low,PPC,Home,Furniture,IKEA,Kallax Shelf,72.0,60.0,3.0,7.0,217.0,36.0,1.0,BNPL,5.0
2023-12-14,56-65,TX,Other,High,Email,Home,Furniture,Ashley Furniture,Dining Table,303.0,200.0,1.0,11.0,303.0,21.0,82.0,Digital Wallet,5.0
2023-12-14,36-45,MI,Other,Middle,Affiliates,Beauty,Skincare,Neutrogena,Rapid Wrinkle Repair,25.0,20.0,3.0,27.0,76.0,12.0,4.0,Digital Wallet,4.0
2023-12-14,26-35,GA,Female,Middle,Affiliates,Beauty,Skincare,Neutrogena,Rapid Wrinkle Repair,18.0,20.0,3.0,33.0,55.0,8.0,-14.0,Credit Card,5.0
2023-12-14,18-25,TX,Female,Low,Organic,Beauty,Makeup,Maybelline,Lash Sensational Mascara,12.0,10.0,4.0,26.0,47.0,10.0,-3.0,Digital Wallet,4.0
2023-12-14,36-45,PA,Female,Middle,PPC,Electronics,Laptops,HP,Envy,807.0,700.0,1.0,17.0,807.0,20.0,87.0,Digital Wallet,5.0
2023-12-14,36-45,IL,Female,Middle,Email,Clothing,Jeans,Levis,501 Original,58.0,60.0,1.0,32.0,58.0,11.0,-13.0,Debit Card,5.0
2023-12-14,36-45,IL,Other,Middle,App,Electronics,Laptops,Dell,Inspiron,732.0,600.0,3.0,17.0,2197.0,32.0,365.0,Digital Wallet,6.0
2023-12-14,18-25,CA,Other,Middle,Organic,Home,Beds,Tempur-Pedic,Contour Elite,1886.0,1700.0,3.0,8.0,5658.0,39.0,519.0,Digital Wallet,5.0
2023-12-14,66+,FL,Male,Middle,Affiliates,Home,Furniture,IKEA,Billy Bookcase,125.0,100.0,1.0,12.0,125.0,22.0,3.0,Debit Card,6.0
2023-12-14,46-55,CA,Male,High,Organic,Electronics,Smartphones,Samsung,Galaxy Z Fold 5,1500.0,1500.0,1.0,20.0,1500.0,12.0,-13.0,BNPL,4.0
2023-12-14,56-65,TX,Other,Low,Others,Home,Furniture,Ashley Furniture,Sofa,404.0,300.0,1.0,10.0,404.0,21.0,82.0,Debit Card,4.0
2023-12-14,56-65,FL,Male,Middle,Email,Clothing,T-Shirts,Nike,Pro,40.0,30.0,4.0,22.0,161.0,13.0,28.0,BNPL,6.0
2023-12-14,26-35,PA,Female,Middle,Affiliates,Home,Furniture,IKEA,Billy Bookcase,142.0,100.0,1.0,6.0,142.0,23.0,19.0,Digital Wallet,12.0
2023-12-14,26-35,NC,Male,Low,Email,Electronics,Smartphones,Samsung,Galaxy Z Fold 5,1485.0,1500.0,1.0,20.0,1485.0,18.0,-33.0,Credit Card,5.0
2023-12-14,46-55,CA,Female,Low,Others,Home,Beds,Tempur-Pedic,Cloud Supreme,1952.0,1800.0,1.0,5.0,1952.0,22.0,130.0,Credit Card,2.0
2023-12-14,66+,NC,Female,Middle,Others,Electronics,Laptops,Dell,XPS,1487.0,1300.0,1.0,10.0,1487.0,22.0,164.0,Digital Wallet,6.0
2023-12-14,66+,OH,Female,Middle,App,Home,Furniture,Ashley Furniture,Bed Frame,217.0,100.0,3.0,12.0,650.0,36.0,314.0,Credit Card,7.0
2023-12-14,56-65,TX,Female,Low,App,Electronics,Smartphones,Apple,iPhone 15,875.0,800.0,3.0,20.0,2625.0,21.0,204.0,Debit Card,6.0
2023-12-14,26-35,IL,Female,Low,Email,Home,Furniture,Ashley Furniture,Dining Table,323.0,200.0,3.0,9.0,969.0,37.0,332.0,Credit Card,5.0
2023-12-14,36-45,CA,Female,Middle,Organic,Home,Furniture,Ashley Furniture,Dining Table,323.0,200.0,3.0,7.0,969.0,33.0,336.0,Credit Card,5.0
2023-12-14,56-65,FL,Male,Middle,Affiliates,Clothing,T-Shirts,Nike,Sportswear,30.0,25.0,4.0,21.0,120.0,13.0,7.0,Digital Wallet,8.0
2023-12-14,56-65,CA,Other,Low,Others,Clothing,Jeans,Levis,Slim Fit,54.0,50.0,4.0,28.0,214.0,12.0,3.0,Debit Card,4.0
2023-12-14,56-65,TX,Female,High,App,Electronics,Smartphones,Samsung,Galaxy A32,323.0,250.0,4.0,12.0,1290.0,28.0,262.0,Credit Card,5.0
2023-12-14,18-25,CA,Male,High,Others,Beauty,Makeup,Revlon,PhotoReady Concealer,14.0,12.0,1.0,24.0,14.0,6.0,-4.0,BNPL,3.0
2023-12-14,36-45,CA,Female,Low,Organic,Clothing,Jeans,Levis,501 Original,67.0,60.0,1.0,22.0,67.0,7.0,0.0,Digital Wallet,2.0
2023-12-14,26-35,GA,Male,Low,Organic,Home,Furniture,IKEA,Billy Bookcase,167.0,100.0,3.0,10.0,500.0,34.0,166.0,Credit Card,6.0
2023-12-14,66+,NY,Female,Middle,Others,Home,Furniture,IKEA,Billy Bookcase,165.0,100.0,1.0,11.0,165.0,24.0,40.0,Debit Card,7.0
2023-12-14,46-55,NC,Male,Middle,Organic,Beauty,Makeup,Maybelline,Fit Me Foundation,24.0,15.0,6.0,20.0,145.0,15.0,40.0,Debit Card,6.0
2023-12-14,36-45,FL,Female,Low,Organic,Home,Furniture,Ashley Furniture,Bed Frame,222.0,100.0,3.0,12.0,665.0,36.0,329.0,Debit Card,5.0
2023-12-14,36-45,CA,Female,High,Affiliates,Electronics,Smartphones,Apple,iPhone 15,927.0,800.0,3.0,18.0,2782.0,19.0,363.0,Digital Wallet,3.0
2023-12-14,36-45,MI,Female,Middle,PPC,Home,Furniture,IKEA,Billy Bookcase,157.0,100.0,3.0,14.0,470.0,38.0,133.0,Credit Card,8.0
2023-12-14,46-55,NY,Male,Low,PPC,Electronics,Laptops,Dell,XPS,1451.0,1300.0,1.0,11.0,1451.0,21.0,129.0,Debit Card,6.0
2023-12-14,66+,CA,Female,High,PPC,Electronics,Laptops,Apple Laptop,MacBook Pro M2,1238.0,1200.0,3.0,17.0,3715.0,28.0,88.0,Debit Card,4.0
2023-12-14,46-55,TX,Male,Low,Email,Home,Furniture,IKEA,Billy Bookcase,124.0,100.0,1.0,12.0,124.0,21.0,3.0,Debit Card,6.0
2023-12-14,26-35,PA,Female,Low,Organic,Clothing,T-Shirts,Adidas,Performance,40.0,45.0,3.0,37.0,119.0,12.0,-28.0,Credit Card,4.0
2023-12-14,26-35,CA,Male,Middle,Organic,Electronics,Laptops,Dell,XPS,1297.0,1300.0,1.0,17.0,1297.0,16.0,-20.0,Credit Card,4.0
2023-12-14,46-55,NY,Other,High,Affiliates,Home,Beds,Tempur-Pedic,Contour Elite,1908.0,1700.0,1.0,5.0,1908.0,27.0,181.0,Credit Card,5.0
2023-12-14,18-25,TX,Male,High,Affiliates,Home,Furniture,IKEA,Billy Bookcase,133.0,100.0,1.0,14.0,133.0,21.0,11.0,Credit Card,5.0
2023-12-14,46-55,TX,Male,Low,PPC,Beauty,Makeup,Maybelline,Fit Me Foundation,16.0,15.0,8.0,28.0,126.0,12.0,-7.0,Debit Card,7.0
2023-12-14,36-45,FL,Male,Middle,PPC,Home,Beds,Serta,iComfort,2188.0,1900.0,3.0,9.0,6565.0,42.0,823.0,Digital Wallet,5.0
2023-12-14,66+,PA,Male,High,App,Electronics,Smartphones,Apple,iPhone 15,879.0,800.0,1.0,20.0,879.0,16.0,63.0,Credit Card,3.0
2023-12-14,36-45,CA,Male,High,App,Beauty,Skincare,Neutrogena,Oil-Free Acne Wash,13.0,15.0,1.0,27.0,13.0,6.0,-9.0,BNPL,2.0
2023-12-14,66+,CA,Other,High,Email,Beauty,Makeup,Revlon,ColorStay Lipstick,16.0,15.0,4.0,23.0,65.0,8.0,-3.0,Debit Card,5.0
2023-12-14,36-45,NY,Other,Middle,Affiliates,Beauty,Makeup,Revlon,PhotoReady Concealer,15.0,12.0,3.0,28.0,44.0,12.0,-4.0,BNPL,5.0
2023-12-14,26-35,OH,Other,Middle,Others,Electronics,Smartphones,Apple,iPhone 15,895.0,800.0,1.0,17.0,895.0,15.0,80.0,Debit Card,3.0
2023-12-14,18-25,CA,Male,Low,Email,Beauty,Makeup,Maybelline,Fit Me Foundation,13.0,15.0,3.0,24.0,40.0,7.0,-12.0,Credit Card,3.0
2023-12-14,56-65,FL,Female,Middle,Email,Electronics,Laptops,Dell,Inspiron,728.0,600.0,1.0,10.0,728.0,19.0,109.0,Credit Card,5.0
2023-12-14,66+,CA,Other,Middle,Others,Home,Beds,Serta,iComfort,2247.0,1900.0,3.0,5.0,6740.0,39.0,1001.0,Credit Card,4.0
2023-12-14,46-55,FL,Male,Middle,Organic,Clothing,Jeans,Wrangler,Regular Fit,43.0,35.0,3.0,27.0,129.0,12.0,12.0,Credit Card,5.0
2023-12-14,18-25,NY,Male,High,Email,Home,Beds,Tempur-Pedic,Contour Elite,1875.0,1700.0,1.0,6.0,1875.0,27.0,148.0,Credit Card,5.0
2023-12-14,36-45,GA,Other,Middle,Affiliates,Home,Furniture,IKEA,Kallax Shelf,77.0,60.0,3.0,6.0,231.0,34.0,17.0,Credit Card,5.0
2023-12-14,56-65,NC,Male,Middle,Affiliates,Clothing,Jeans,Wrangler,Authentics,37.0,30.0,7.0,29.0,261.0,22.0,29.0,Digital Wallet,9.0
2023-12-14,36-45,NC,Female,Low,App,Clothing,Jeans,Levis,Slim Fit,48.0,50.0,1.0,27.0,48.0,13.0,-15.0,Digital Wallet,5.0
2023-12-14,26-35,PA,Male,Middle,App,Home,Furniture,IKEA,Billy Bookcase,127.0,100.0,1.0,11.0,127.0,23.0,4.0,BNPL,5.0
2023-12-14,26-35,PA,Male,Low,Others,Home,Furniture,Ashley Furniture,Dining Table,278.0,200.0,1.0,10.0,278.0,23.0,55.0,Credit Card,6.0
2023-12-14,26-35,CA,Male,Middle,App,Home,Furniture,Ashley Furniture,Bed Frame,225.0,100.0,3.0,8.0,676.0,33.0,342.0,Digital Wallet,7.0
2023-12-14,46-55,IL,Female,Middle,Organic,Beauty,Makeup,Maybelline,Lash Sensational Mascara,14.0,10.0,1.0,29.0,14.0,10.0,-6.0,Digital Wallet,5.0
2023-12-14,18-25,GA,Female,Middle,Others,Electronics,Smartphones,Samsung,Galaxy A32,327.0,250.0,4.0,13.0,1308.0,27.0,281.0,Credit Card,6.0
2023-12-14,46-55,NY,Male,Middle,Affiliates,Electronics,Laptops,Apple Laptop,MacBook Air M2,1196.0,1000.0,3.0,10.0,3588.0,33.0,555.0,Debit Card,7.0
2023-12-14,18-25,PA,Male,Middle,PPC,Home,Furniture,IKEA,Billy Bookcase,140.0,100.0,1.0,7.0,140.0,23.0,17.0,BNPL,4.0
2023-12-14,36-45,MI,Other,Middle,App,Home,Beds,Serta,Perfect Sleeper,845.0,750.0,3.0,12.0,2535.0,43.0,242.0,Debit Card,6.0
2023-12-14,26-35,NY,Male,High,Others,Beauty,Makeup,Maybelline,Lash Sensational Mascara,9.0,10.0,3.0,28.0,27.0,12.0,-15.0,Digital Wallet,5.0
2023-12-14,66+,CA,Other,Low,Organic,Electronics,Laptops,Dell,XPS,1373.0,1300.0,3.0,15.0,4120.0,28.0,192.0,Debit Card,6.0
2023-12-14,26-35,CA,Other,Middle,Organic,Beauty,Makeup,Maybelline,Fit Me Foundation,14.0,15.0,1.0,23.0,14.0,6.0,-7.0,Credit Card,2.0
2023-12-14,18-25,OH,Male,Middle,Organic,Electronics,Laptops,Apple Laptop,MacBook Air M2,1148.0,1000.0,3.0,10.0,3443.0,30.0,413.0,Credit Card,4.0
2023-12-14,36-45,TX,Male,Middle,Email,Home,Beds,Tempur-Pedic,Contour Elite,1869.0,1700.0,3.0,11.0,5607.0,41.0,466.0,Digital Wallet,6.0
2023-12-14,36-45,IL,Male,Middle,App,Electronics,Smartphones,Apple,iPhone 15,865.0,800.0,1.0,22.0,865.0,16.0,48.0,Credit Card,4.0
2023-12-14,46-55,NC,Female,Low,App,Clothing,T-Shirts,Adidas,Performance,54.0,45.0,1.0,20.0,54.0,13.0,-4.0,Digital Wallet,4.0
2023-12-14,18-25,FL,Other,Low,Email,Electronics,Laptops,Apple Laptop,MacBook Pro M2,1295.0,1200.0,1.0,13.0,1295.0,19.0,75.0,BNPL,4.0
2023-12-14,36-45,TX,Female,Middle,Organic,Home,Furniture,IKEA,Kallax Shelf,55.0,60.0,1.0,8.0,55.0,21.0,-27.0,Credit Card,6.0
2023-12-14,36-45,IL,Female,Low,Organic,Clothing,Jeans,Levis,501 Original,59.0,60.0,1.0,30.0,59.0,11.0,-12.0,BNPL,3.0
2023-12-14,36-45,PA,Female,Middle,Organic,Beauty,Makeup,Maybelline,Lash Sensational Mascara,14.0,10.0,8.0,25.0,111.0,14.0,17.0,Credit Card,7.0
2023-12-14,56-65,NY,Male,Low,App,Home,Beds,Serta,Perfect Sleeper,878.0,750.0,17.0,10.0,14924.0,212.0,1962.0,Credit Card,15.0
2023-12-14,26-35,MI,Female,Low,Affiliates,Home,Beds,Tempur-Pedic,Cloud Supreme,2027.0,1800.0,3.0,8.0,6082.0,43.0,638.0,Digital Wallet,5.0
2023-12-14,66+,FL,Male,Low,Organic,Home,Beds,Tempur-Pedic,Contour Elite,1985.0,1700.0,1.0,5.0,1985.0,25.0,259.0,Debit Card,5.0
2023-12-14,26-35,TX,Male,Middle,App,Electronics,Smartphones,Apple,iPhone SE,481.0,400.0,1.0,15.0,481.0,14.0,67.0,BNPL,4.0
2023-12-14,56-65,PA,Other,Middle,App,Electronics,Smartphones,Apple,iPhone 15,957.0,800.0,4.0,13.0,3828.0,30.0,598.0,Credit Card,7.0
2023-12-14,56-65,FL,Male,High,Affiliates,Beauty,Makeup,Revlon,ColorStay Lipstick,17.0,15.0,1.0,23.0,17.0,9.0,-7.0,Debit Card,5.0
2023-12-14,36-45,CA,Other,Low,Organic,Home,Beds,Tempur-Pedic,Cloud Supreme,1877.0,1800.0,3.0,12.0,5631.0,39.0,192.0,Digital Wallet,6.0
2023-12-14,56-65,NC,Other,High,Email,Home,Beds,Serta,iComfort,2219.0,1900.0,3.0,7.0,6657.0,45.0,912.0,Credit Card,7.0
2023-12-14,36-45,NC,Other,Middle,Affiliates,Beauty,Skincare,Neutrogena,Oil-Free Acne Wash,15.0,15.0,1.0,27.0,15.0,12.0,-13.0,Debit Card,5.0
2023-12-14,66+,PA,Male,Low,Email,Home,Furniture,Ashley Furniture,Sofa,385.0,300.0,3.0,14.0,1156.0,37.0,220.0,BNPL,6.0
2023-12-14,26-35,TX,Female,Low,Email,Beauty,Makeup,Maybelline,Fit Me Foundation,13.0,15.0,4.0,28.0,54.0,10.0,-16.0,Debit Card,4.0
2023-12-14,46-55,NY,Female,Middle,Others,Clothing,T-Shirts,Adidas,Performance,39.0,45.0,1.0,24.0,39.0,12.0,-18.0,Digital Wallet,5.0
2023-12-14,18-25,CA,Other,Low,App,Home,Beds,Tempur-Pedic,Contour Elite,1876.0,1700.0,1.0,11.0,1876.0,22.0,154.0,Credit Card,5.0
2023-12-14,56-65,IL,Male,Middle,Others,Home,Furniture,IKEA,Kallax Shelf,75.0,60.0,1.0,11.0,75.0,23.0,-8.0,Credit Card,6.0
2023-12-14,26-35,MI,Male,Middle,Email,Home,Furniture,IKEA,Billy Bookcase,142.0,100.0,1.0,11.0,142.0,24.0,18.0,Debit Card,5.0
2023-12-14,66+,TX,Male,Middle,Affiliates,Clothing,T-Shirts,Nike,Sportswear,27.0,25.0,1.0,34.0,27.0,9.0,-7.0,Digital Wallet,3.0
2023-12-14,18-25,IL,Other,High,Others,Home,Beds,Serta,iComfort,2245.0,1900.0,1.0,9.0,2245.0,26.0,319.0,Credit Card,5.0
2023-12-14,46-55,CA,Female,High,Affiliates,Electronics,Smartphones,Apple,iPhone SE,493.0,400.0,4.0,17.0,1974.0,26.0,347.0,Credit Card,5.0
2023-12-14,56-65,TX,Female,Middle,Organic,Home,Furniture,Ashley Furniture,Dining Table,302.0,200.0,1.0,12.0,302.0,21.0,80.0,Debit Card,5.0
2023-12-14,26-35,NY,Other,Low,Organic,Electronics,Smartphones,Samsung,Galaxy Z Fold 5,1480.0,1500.0,1.0,18.0,1480.0,17.0,-37.0,Credit Card,5.0
2023-12-14,56-65,TX,Other,Middle,Affiliates,Beauty,Skincare,Neutrogena,Hydro Boost Gel,16.0,20.0,1.0,33.0,16.0,8.0,-12.0,Digital Wallet,3.0
2023-12-14,56-65,CA,Female,High,App,Home,Beds,Tempur-Pedic,Contour Elite,1812.0,1700.0,1.0,7.0,1812.0,22.0,90.0,Credit Card,3.0
2023-12-14,26-35,TX,Female,Middle,App,Beauty,Makeup,Maybelline,Lash Sensational Mascara,11.0,10.0,8.0,28.0,84.0,12.0,-8.0,Credit Card,7.0
2023-12-14,36-45,TX,Female,High,Email,Electronics,Smartphones,Apple,iPhone SE,526.0,400.0,4.0,17.0,2103.0,28.0,475.0,Credit Card,6.0
2023-12-14,36-45,TX,Other,Low,Others,Home,Beds,Serta,iComfort,2080.0,1900.0,3.0,5.0,6240.0,41.0,499.0,Credit Card,5.0
2023-12-14,46-55,NC,Male,Low,App,Home,Furniture,IKEA,Kallax Shelf,52.0,60.0,3.0,9.0,155.0,39.0,-64.0,Digital Wallet,8.0
2023-12-14,56-65,IL,Other,High,App,Electronics,Smartphones,Apple,iPhone 15,968.0,800.0,3.0,13.0,2903.0,23.0,480.0,Credit Card,5.0
2023-12-14,46-55,TX,Female,Middle,PPC,Clothing,Jeans,Levis,501 Original,63.0,60.0,3.0,23.0,188.0,11.0,-4.0,Debit Card,4.0
2023-12-14,56-65,NY,Male,Middle,Email,Home,Beds,Serta,iComfort,2339.0,1900.0,3.0,6.0,7017.0,44.0,1274.0,Debit Card,7.0
2023-12-14,26-35,MI,Other,Middle,Organic,Electronics,Smartphones,Apple,iPhone SE,539.0,400.0,4.0,12.0,2156.0,31.0,525.0,Digital Wallet,5.0
2023-12-14,26-35,CA,Female,Middle,Email,Beauty,Makeup,Maybelline,Fit Me Foundation,21.0,15.0,1.0,20.0,21.0,6.0,-0.0,Credit Card,2.0
2023-12-14,56-65,NC,Male,High,Organic,Clothing,Jeans,Levis,501 Original,60.0,60.0,3.0,34.0,180.0,15.0,-15.0,Debit Card,5.0
2023-12-14,26-35,NC,Male,Low,Email,Electronics,Laptops,Apple Laptop,MacBook Pro M2,1167.0,1200.0,4.0,17.0,4668.0,45.0,-177.0,Debit Card,5.0
2023-12-14,26-35,CA,Other,Low,Others,Beauty,Makeup,Maybelline,Lash Sensational Mascara,13.0,10.0,7.0,21.0,88.0,9.0,9.0,Debit Card,8.0
2023-12-14,26-35,CA,Female,Middle,Others,Home,Beds,Serta,iComfort,2130.0,1900.0,3.0,6.0,6389.0,39.0,651.0,Credit Card,5.0
2023-12-14,36-45,NC,Male,Middle,PPC,Clothing,Jeans,Wrangler,Authentics,43.0,30.0,1.0,22.0,43.0,13.0,-0.0,Credit Card,4.0
2023-12-14,36-45,TX,Female,Middle,Affiliates,Home,Beds,Tempur-Pedic,Contour Elite,1783.0,1700.0,1.0,11.0,1783.0,24.0,59.0,Debit Card,4.0
2023-12-14,66+,NC,Other,Middle,Organic,Clothing,Jeans,Wrangler,Authentics,33.0,30.0,1.0,35.0,33.0,13.0,-10.0,Debit Card,5.0
2023-12-14,56-65,MI,Male,High,Organic,Electronics,Laptops,Dell,XPS,1372.0,1300.0,1.0,18.0,1372.0,21.0,52.0,Credit Card,4.0
2023-12-14,66+,FL,Male,High,Organic,Clothing,Jeans,Levis,Slim Fit,48.0,50.0,1.0,32.0,48.0,10.0,-13.0,Credit Card,4.0
2023-12-14,26-35,NC,Male,Middle,App,Home,Furniture,Ashley Furniture,Bed Frame,225.0,100.0,3.0,6.0,674.0,39.0,335.0,Credit Card,7.0
2023-12-14,36-45,NC,Female,Middle,Others,Home,Furniture,IKEA,Billy Bookcase,120.0,100.0,3.0,9.0,361.0,39.0,22.0,Credit Card,5.0
2023-12-14,56-65,CA,Male,High,Email,Home,Furniture,IKEA,Kallax Shelf,63.0,60.0,3.0,5.0,190.0,33.0,-23.0,Digital Wallet,5.0
2023-12-14,26-35,IL,Female,High,Affiliates,Electronics,Smartphones,Apple,iPhone 15,932.0,800.0,3.0,16.0,2796.0,23.0,372.0,Credit Card,4.0
2023-12-14,26-35,GA,Male,Middle,Organic,Home,Beds,Serta,Perfect Sleeper,867.0,750.0,1.0,10.0,867.0,23.0,93.0,Digital Wallet,4.0
2023-12-14,18-25,FL,Male,Middle,Organic,Electronics,Smartphones,Apple,iPhone 15,970.0,800.0,3.0,14.0,2910.0,22.0,488.0,Debit Card,7.0
2023-12-14,36-45,CA,Male,Middle,Email,Home,Beds,Tempur-Pedic,Contour Elite,1864.0,1700.0,1.0,6.0,1864.0,22.0,142.0,Digital Wallet,3.0
2023-12-14,26-35,IL,Male,Middle,Organic,Home,Furniture,IKEA,Kallax Shelf,78.0,60.0,3.0,11.0,235.0,37.0,17.0,Credit Card,7.0
2023-12-14,56-65,TX,Other,Low,Others,Home,Furniture,Ashley Furniture,Dining Table,332.0,200.0,1.0,6.0,332.0,21.0,111.0,Debit Card,5.0
2023-12-14,26-35,CA,Male,Low,Others,Electronics,Smartphones,Apple,iPhone 15,921.0,800.0,1.0,14.0,921.0,12.0,108.0,Digital Wallet,2.0
2023-12-14,36-45,FL,Other,Low,Affiliates,Beauty,Skincare,Neutrogena,Hydro Boost Gel,16.0,20.0,1.0,27.0,16.0,9.0,-14.0,Digital Wallet,4.0
2023-12-14,46-55,GA,Female,Middle,Email,Beauty,Makeup,Maybelline,Fit Me Foundation,11.0,15.0,4.0,27.0,45.0,9.0,-24.0,Digital Wallet,9.0
2023-12-14,46-55,FL,Male,Middle,PPC,Clothing,T-Shirts,Nike,Sportswear,30.0,25.0,4.0,26.0,122.0,13.0,8.0,Digital Wallet,6.0
2023-12-14,18-25,OH,Other,Middle,Others,Electronics,Smartphones,Apple,iPhone 14,874.0,700.0,1.0,14.0,874.0,15.0,160.0,Credit Card,4.0
2023-12-14,18-25,CA,Other,Middle,Organic,Home,Beds,Tempur-Pedic,Cloud Supreme,1911.0,1800.0,3.0,12.0,5734.0,39.0,296.0,BNPL,4.0
2023-12-14,66+,PA,Male,Middle,Affiliates,Beauty,Skincare,Neutrogena,Hydro Boost Gel,18.0,20.0,6.0,30.0,109.0,13.0,-24.0,Credit Card,6.0
2023-12-14,26-35,GA,Male,Middle,Email,Beauty,Makeup,Maybelline,Fit Me Foundation,18.0,15.0,7.0,20.0,125.0,10.0,10.0,Credit Card,6.0
2023-12-14,26-35,TX,Male,Low,Email,Home,Furniture,IKEA,Billy Bookcase,120.0,100.0,1.0,7.0,120.0,21.0,-1.0,Credit Card,5.0
2023-12-14,36-45,MI,Other,Middle,App,Electronics,Smartphones,Apple,iPhone 14,874.0,700.0,4.0,14.0,3496.0,31.0,665.0,Credit Card,5.0
